{
    "ConfigVersion": "1",
    "LogsOn": 0,
    "DebugOn": 0,
    "DumpObjectLocations": 0,
    "SpawnChickenCoops": 1,
    "NoFeathersLeftMessage": "It seems there are no feathers left...",
    "CoopTypes": [
        {
            "TypeName": "_chickencoop",
            "ObjectName": "Zen_ChickenCoop",
            "MinFeathers": 0,
            "MaxFeathers": 10,
            "MaxFeathersPerCollect": 3,
            "ChanceOfBleed": 0.05000000074505806,
            "DamageGloves": 5.0,
            "Offset": [
                0.0,
                0.0,
                0.0
            ],
            "Orient": [
                90.0,
                0.0,
                0.0
            ]
        },
        {
            "TypeName": "_hutch",
            "ObjectName": "Zen_ChickenCoop2",
            "MinFeathers": 0,
            "MaxFeathers": 30,
            "MaxFeathersPerCollect": 6,
            "ChanceOfBleed": 0.05000000074505806,
            "DamageGloves": 5.0,
            "Offset": [
                0.0,
                0.800000011920929,
                0.20000000298023225
            ],
            "Orient": [
                90.0,
                0.0,
                0.0
            ]
        }
    ],
    "CoopPositions": [
        {
            "TypeName": "_chickencoop",
            "Locations": [
                [
                    1278.68310546875,
                    41.97850036621094,
                    2019.024169921875
                ],
                [
                    4212.8212890625,
                    27.649471282958986,
                    3067.00146484375
                ]
            ]
        },
        {
            "TypeName": "_hutch",
            "Locations": [
                [
                    803.2509155273438,
                    68.15943908691406,
                    1903.2015380859376
                ],
                [
                    1623.539306640625,
                    4.979945182800293,
                    1886.66845703125
                ],
                [
                    1658.9007568359376,
                    4.979945182800293,
                    1940.123291015625
                ],
                [
                    2656.146728515625,
                    9.274056434631348,
                    2508.185302734375
                ]
            ]
        }
    ]
}