{
    "ConfigVersion": "1",
    "LogsOn": 1,
    "DebugOn": 0,
    "DumpObjectLocations": 0,
    "SpawnFirewoodObjects": 1,
    "NoWoodLeftMessage": "It seems the wood left in this pile is wet and rotten, I can't use this...",
    "WoodTypes": [
        {
            "TypeName": "_woodreserve",
            "MinWood": 0,
            "MaxWood": 6,
            "ChanceOfBleed": 0.33000001311302187,
            "DamageGloves": 10.0,
            "DamageTool": 10.0,
            "Offset": [
                0.0,
                0.0,
                0.0
            ],
            "Orient": [
                0.0,
                0.0,
                0.0
            ]
        },
        {
            "TypeName": "_woodpile_forest",
            "MinWood": 0,
            "MaxWood": 6,
            "ChanceOfBleed": 0.33000001311302187,
            "DamageGloves": 10.0,
            "DamageTool": 10.0,
            "Offset": [
                0.0,
                0.30000001192092898,
                0.0
            ],
            "Orient": [
                90.0,
                0.0,
                90.0
            ]
        },
        {
            "TypeName": "_woodpile1",
            "MinWood": 0,
            "MaxWood": 6,
            "ChanceOfBleed": 0.33000001311302187,
            "DamageGloves": 10.0,
            "DamageTool": 10.0,
            "Offset": [
                0.0,
                -0.5,
                0.0
            ],
            "Orient": [
                0.0,
                0.0,
                0.0
            ]
        },
        {
            "TypeName": "_woodpile2",
            "MinWood": 0,
            "MaxWood": 6,
            "ChanceOfBleed": 0.33000001311302187,
            "DamageGloves": 10.0,
            "DamageTool": 10.0,
            "Offset": [
                0.0,
                -0.5,
                0.0
            ],
            "Orient": [
                0.0,
                0.0,
                0.0
            ]
        }
    ],
    "WoodPositions": [
        {
            "TypeName": "_woodreserve",
            "Locations": [
                [
                    1273.222900390625,
                    42.34878158569336,
                    2035.073486328125
                ],
                [
                    1452.060302734375,
                    5.359190464019775,
                    2563.39404296875
                ],
                [
                    1449.9931640625,
                    5.359190464019775,
                    2565.461669921875
                ],
                [
                    1619.205078125,
                    5.3691911697387699,
                    1887.0299072265626
                ],
                [
                    1662.9014892578126,
                    5.3691911697387699,
                    1938.849609375
                ],
                [
                    1671.6754150390626,
                    5.3691911697387699,
                    1951.8184814453126
                ],
                [
                    1668.00830078125,
                    5.3691911697387699,
                    1950.779541015625
                ],
                [
                    1647.6046142578126,
                    5.369190216064453,
                    1976.53271484375
                ],
                [
                    1835.10986328125,
                    58.40107727050781,
                    2366.4833984375
                ],
                [
                    1867.1483154296876,
                    56.34801483154297,
                    2379.295654296875
                ],
                [
                    2376.092529296875,
                    8.309629440307618,
                    2784.3330078125
                ],
                [
                    4218.32275390625,
                    27.95259666442871,
                    3081.781982421875
                ]
            ]
        },
        {
            "TypeName": "_woodpile_forest",
            "Locations": [
                [
                    1838.8797607421876,
                    58.169891357421878,
                    2368.732421875
                ],
                [
                    1841.4866943359376,
                    57.735050201416019,
                    2367.5166015625
                ],
                [
                    1843.2774658203126,
                    58.0894889831543,
                    2367.385498046875
                ],
                [
                    1868.4962158203126,
                    56.456905364990237,
                    2389.87646484375
                ],
                [
                    1868.217529296875,
                    56.11850357055664,
                    2388.574951171875
                ],
                [
                    4238.48681640625,
                    2.555633544921875,
                    1047.6219482421876
                ],
                [
                    4242.71142578125,
                    2.5092251300811769,
                    1049.657470703125
                ],
                [
                    4240.6123046875,
                    2.536316394805908,
                    1048.55810546875
                ]
            ]
        },
        {
            "TypeName": "_woodpile1",
            "Locations": [
                [
                    1299.508056640625,
                    37.67989730834961,
                    2025.540283203125
                ],
                [
                    1297.6712646484376,
                    37.90192413330078,
                    2025.182861328125
                ],
                [
                    1619.0888671875,
                    4.577938079833984,
                    1885.5623779296876
                ],
                [
                    1672.2694091796876,
                    4.577938079833984,
                    1951.0167236328126
                ],
                [
                    1648.182373046875,
                    4.57793664932251,
                    1975.7266845703126
                ],
                [
                    2213.67138671875,
                    7.938614368438721,
                    2932.96826171875
                ],
                [
                    2212.48095703125,
                    7.938614368438721,
                    2931.754638671875
                ],
                [
                    2375.76708984375,
                    7.548305988311768,
                    2794.42919921875
                ],
                [
                    2374.31298828125,
                    7.548305988311768,
                    2795.987548828125
                ],
                [
                    4218.59033203125,
                    27.099777221679689,
                    3079.881591796875
                ]
            ]
        },
        {
            "TypeName": "_woodpile2",
            "Locations": []
        }
    ]
}