{
    "m_BedOwner": "R5KkZb3Ywicboa8ntCzbBJK6WLpakj_6yA-ghmDo4lw=",
    "m_BedPos": [
        1298.5224609375,
        200.1915283203125,
        7467.38037109375
    ],
    "m_RespawnTime": 1739061311,
    "m_BRUsesLeft": 0
}