{
    "m_BedOwner": "R5KkZb3Ywicboa8ntCzbBJK6WLpakj_6yA-ghmDo4lw=",
    "m_BedPos": [
        1689.12646484375,
        20.846214294433595,
        2163.00927734375
    ],
    "m_RespawnTime": 0,
    "m_BRUsesLeft": 0
}